colsample_bytree	gamma	learning_rate	max_depth	min_child_weight	n_estimators	subsample	mean_valid_accuracy	mean_valid_precision_macro	mean_valid_recall_macro	mean_valid_f1_macro	mean_valid_auc_ovr_macro
1.0	0	0.01	4	1	200	1.0	0.5145512820512821	0.5039346955970997	0.4992336829836829	0.4889461967135835	0.6709240705276045
1.0	0	0.01	6	3	200	1.0	0.5095512820512821	0.49603005683114043	0.49411747566159336	0.4888835819450076	0.6747368034034288
1.0	0	0.01	8	1	200	1.0	0.5119871794871795	0.4990602289866996	0.4961488185017597	0.48826660584356957	0.6548673456552266
1.0	0	0.2	6	3	200	0.5	0.5015384615384615	0.4915371794241764	0.4872987796517208	0.4832866689293823	0.6446451244738215
1.0	0	0.2	6	1	200	0.5	0.49653846153846154	0.4853530983407145	0.4876159216600393	0.4822836358401374	0.6499066296158709
1.0	0	0.2	6	3	600	0.5	0.4965384615384615	0.4838999980640847	0.48648795648795656	0.48044277668174207	0.6478345315431845
1.0	0	0.01	4	3	600	0.5	0.5118589743589743	0.4839563034145077	0.4933722976370035	0.4787913927100066	0.674112270332944
0.5	0	0.01	8	3	1000	0.5	0.4990384615384615	0.4875858619937568	0.48269910644910646	0.4778737672917576	0.6672275298344446
0.5	0	0.01	4	3	1000	0.5	0.5016666666666667	0.4844149041931381	0.48614139128845013	0.47783726362245593	0.6716920490730409
0.5	0	0.01	4	3	600	0.5	0.5092948717948718	0.4847450660221558	0.4899089880707527	0.47720071307986905	0.6770128820893888
0.5	0	0.2	4	3	200	0.5	0.48628205128205126	0.48738962963421173	0.4797428470222588	0.4770339211954571	0.6465102676821995
1.0	0	0.2	6	1	600	0.5	0.49397435897435893	0.47821101921216336	0.4799872023401435	0.47430641849670874	0.6474805261877337
0.5	0	0.01	6	3	1000	0.5	0.49916666666666665	0.4793454011875065	0.4815818250377074	0.4742519788618466	0.6703268622746734
1.0	0	0.2	6	3	200	1.0	0.4861538461538462	0.47776006744659993	0.47759215457744875	0.47321250869387954	0.6528213112057644
1.0	0	0.2	8	3	200	1.0	0.4914102564102564	0.4758192542751366	0.4788597513597514	0.47241538958324425	0.6500211791127655
1.0	0	0.01	8	3	1000	0.5	0.49410256410256403	0.48208892265858205	0.4781410256410257	0.47225901399811115	0.6653476457441245
1.0	0	0.2	8	3	1000	1.0	0.48878205128205127	0.47588229480644334	0.47701031811325934	0.4720735023356415	0.6549293645217874
1.0	0	0.01	4	3	1000	1.0	0.4916025641025641	0.4749152301087286	0.4815068101832808	0.47204482427729166	0.6493542954562559
1.0	0	0.01	6	3	1000	1.0	0.4889102564102564	0.47995809502388453	0.4787542849307555	0.47199958506023004	0.6522509692235472
1.0	0	0.01	6	3	1000	0.5	0.4915384615384615	0.4814420617795231	0.47682692307692304	0.4717099300556879	0.6690714876483539
1.0	0	0.01	8	3	1000	1.0	0.48897435897435904	0.48246944833632144	0.47408999497234794	0.47150721537597107	0.6528840629881079
1.0	0	0.01	6	3	600	1.0	0.48897435897435904	0.4791025154183049	0.47643476621417796	0.471357310412109	0.6545986205093746
1.0	0	0.2	6	3	1000	0.5	0.48352564102564105	0.4769964184708767	0.4730498994469583	0.4712404276400234	0.6493492165338293
0.5	0	0.2	4	3	1000	0.5	0.4837820512820512	0.47563653725738125	0.47551447735271263	0.47067881228331016	0.6434793288379128
1.0	0	0.2	6	1	1000	0.5	0.4889743589743589	0.4728073488084929	0.4757294094794095	0.4705433374558649	0.6464518493324951
1.0	0	0.01	4	3	1000	0.5	0.49403846153846154	0.47350991865579967	0.4799661776132364	0.47036159400186994	0.669894126794878
0.5	0	0.2	8	3	600	0.5	0.4861538461538462	0.4753268884538234	0.47583561862973633	0.4696790112010426	0.6382765690720076
1.0	0	0.01	6	3	600	0.5	0.49653846153846154	0.4773288026043444	0.47836212806801043	0.4693278755206499	0.6736792817794475
1.0	0	0.2	6	3	1000	1.0	0.48128205128205126	0.47160880571097297	0.4750173682526624	0.46885313098541453	0.650901772126421
1.0	0	0.01	6	1	200	1.0	0.49410256410256415	0.47266343133990196	0.4773904200374789	0.4680538711671659	0.6682462795407915
1.0	0	0.01	6	1	600	1.0	0.4837820512820513	0.4729548504471105	0.4725443918826272	0.46769329545507465	0.652725980859578
1.0	0	0.2	8	1	600	1.0	0.4785897435897436	0.46969175432410737	0.4730729238082179	0.46703102287090265	0.6511725221625673
1.0	0	0.2	8	3	200	0.5	0.48365384615384616	0.47260899224016734	0.4719467297408474	0.46695971862092883	0.6486840409017566
0.5	0	0.2	6	3	200	0.5	0.4861538461538461	0.47284042038685997	0.4732536907536907	0.4668359505385342	0.6537417120954123
1.0	0	0.2	8	1	1000	1.0	0.47608974358974365	0.46891493324929856	0.4709895904748846	0.4661879550023558	0.6515129486117719
0.5	0	0.2	4	3	200	1.0	0.4837179487179487	0.4696284271284271	0.47429298642533924	0.46599120543615424	0.6497810176543602
1.0	0	0.01	8	3	600	0.5	0.491474358974359	0.4763266390472272	0.4740654851684263	0.4657626823385435	0.6718798004660428
0.5	0	0.01	6	3	600	0.5	0.4966025641025641	0.46989335713019925	0.4760767745326569	0.46512427137595724	0.6730936167077778
1.0	0	0.01	8	3	200	1.0	0.48897435897435904	0.4743762283468165	0.47110528360528353	0.46501831875477206	0.6620984198609197
0.5	0	0.01	8	1	600	0.5	0.4863461538461539	0.4732709493235808	0.47335521504639144	0.4649385575374301	0.6591523359232501
1.0	0	0.2	6	1	1000	1.0	0.47608974358974354	0.4690288416720305	0.4687089217971572	0.46465176298600597	0.6533736449827
0.5	0	0.2	4	3	600	0.5	0.47602564102564104	0.4707525887400366	0.47109757072992364	0.4640668998696252	0.636317464304453
0.5	0	0.01	6	1	200	1.0	0.4889102564102564	0.4705629944356556	0.4717390534302299	0.4639309145757373	0.6636253973342263
1.0	0	0.01	4	1	1000	0.5	0.4837820512820513	0.4711334563269548	0.47271647470176886	0.46387501392863995	0.6596015773461732
0.5	0	0.2	6	3	600	0.5	0.47846153846153844	0.46987076187523763	0.4691526120937886	0.46373642315334784	0.6462602943800382
0.5	0	0.2	8	3	200	0.5	0.4810897435897436	0.46816269242739833	0.46963046757164406	0.46351720103813737	0.6439255149866078
1.0	0	0.01	6	1	200	0.5	0.49416666666666664	0.47257781586156866	0.4771061862973628	0.46272866490441905	0.6706322101553219
1.0	0	0.01	8	3	600	1.0	0.4811538461538462	0.46802295199354027	0.46686211664152844	0.4624439427815248	0.6527894750506456
0.5	0	0.2	8	3	1000	1.0	0.47846153846153844	0.4649180408340457	0.46911199095022627	0.46232451235778366	0.6474806257156797
0.5	0	0.01	8	1	200	0.5	0.49403846153846154	0.4686160518225736	0.4761161387631976	0.4621751218812191	0.6729799266804247
0.5	0	0.01	8	1	200	1.0	0.4839102564102564	0.47040239487607904	0.46792317976141506	0.4621646321511128	0.6563758921390805
0.5	0	0.01	8	3	600	0.5	0.4863461538461539	0.4679357314225735	0.4685576923076923	0.462013146925364	0.6742336532455067
0.5	0	0.2	8	3	600	1.0	0.47596153846153844	0.46498623273273293	0.46702865761689294	0.4619853858065762	0.6451905315579587
1.0	0	0.01	6	1	600	0.5	0.4838461538461538	0.472924103187261	0.46993075551899083	0.46161311522709425	0.657427104616486
1.0	0	0.2	6	3	600	1.0	0.4735897435897436	0.46343169257642935	0.46702025915261214	0.4615368489948322	0.6476659892038967
0.5	0	0.2	6	3	200	1.0	0.4758974358974359	0.4650889364732076	0.46736213949449246	0.46148567008982855	0.6465092099913614
1.0	0	0.2	4	3	1000	0.5	0.47089743589743593	0.47057187366010894	0.46196278394807805	0.46143265485843743	0.6443729734024293
1.0	0	0.01	8	1	200	0.5	0.4916666666666666	0.4749113950715782	0.4751122080533845	0.46103686968871394	0.6677081798429562
0.5	0	0.01	6	3	200	1.0	0.4889743589743589	0.4723264953141113	0.46771253256547374	0.4608829719296731	0.6686262705256018
0.5	0	0.2	4	1	600	0.5	0.4734615384615385	0.465515318015318	0.4671259541112482	0.4606818383357866	0.637794660165331
1.0	0	0.01	6	1	1000	0.5	0.48115384615384615	0.4656375600128125	0.4692273984185749	0.46012511421698565	0.654207425921418
0.5	0	0.2	6	1	600	1.0	0.4758974358974359	0.46263332198703716	0.4667644773527127	0.4600368350648728	0.6430663231786585
0.5	0	0.01	4	1	1000	0.5	0.4837179487179487	0.47109608800785263	0.46855997760409523	0.46002072436736696	0.656583899019366
0.5	0	0.01	6	3	600	1.0	0.486474358974359	0.46372815093403325	0.4712807943690297	0.4598508219240832	0.6545378772309934
1.0	0	0.01	4	3	200	1.0	0.4915384615384616	0.4705436773807349	0.4731802184743361	0.45981649027759086	0.6676123636209231
0.5	0	0.2	6	3	1000	0.5	0.47326923076923083	0.4676435247758778	0.46278720462543993	0.4597014971787132	0.6507279975077289
0.5	0	0.01	6	1	1000	0.5	0.48115384615384615	0.469749647758801	0.4698161479043832	0.45947552398826674	0.6513509460006395
0.5	0	0.01	8	3	1000	1.0	0.4838461538461538	0.46210290197132303	0.4700117121440651	0.4593375454656984	0.6540796156393741
1.0	0	0.01	4	1	600	1.0	0.4839743589743589	0.46219609452581595	0.4676073517985283	0.4587897238649403	0.6578266109600357
1.0	0	0.2	6	1	600	1.0	0.473525641025641	0.462174013064106	0.4643060697472462	0.4587511175520918	0.6528346027021568
1.0	0	0.2	4	3	600	1.0	0.4684615384615385	0.4614366896719838	0.4629013551807669	0.4579615251291186	0.6451239485956723
1.0	0	0.01	6	3	200	0.5	0.4915384615384616	0.463045845480056	0.47150235385529504	0.45784153757837964	0.6774680097015573
0.5	0	0.2	8	3	1000	0.5	0.4733974358974359	0.4611683036605637	0.46257804287216053	0.4577267129279342	0.6383513244923811
0.5	0	0.01	6	1	600	0.5	0.4786538461538461	0.4693236726617734	0.4654969948352301	0.4576837837556866	0.6611543941750756
0.5	0	0.2	8	3	200	1.0	0.4708333333333334	0.46225301959822085	0.4636284793637735	0.4575982580229878	0.6432537892245879
1.0	0	0.2	4	3	200	1.0	0.4736538461538462	0.46393382302825026	0.46260106723342015	0.4573961936782965	0.646137954777256
1.0	0	0.01	6	1	1000	1.0	0.47108974358974365	0.4636223292531342	0.46172888386123684	0.45727051090663756	0.6517716303396993
1.0	0	0.2	8	1	200	1.0	0.468397435897436	0.46212127483799315	0.4630761803555921	0.4569532330196452	0.6513733245233991
1.0	0	0.01	4	1	600	0.5	0.48134615384615387	0.46204736540262853	0.46587155491567256	0.4568906662433512	0.6651751916900122
0.5	0	0.2	4	3	600	1.0	0.46570512820512827	0.4581458900576548	0.46288501531148596	0.45680849457949046	0.6444282380751986
1.0	0	0.2	4	1	600	0.5	0.47089743589743593	0.4614381092663836	0.4633118515471456	0.4567811277394985	0.6451196748646638
0.5	0	0.01	8	3	200	1.0	0.4838461538461538	0.46154143517301416	0.46815222359340014	0.45665308906507807	0.6669969888058853
0.5	0	0.2	4	3	1000	1.0	0.4683333333333334	0.45791980923559866	0.46325957539192836	0.4562377181200092	0.6440358551823445
0.5	0	0.2	4	1	200	0.5	0.4735897435897436	0.460346340535969	0.46279937382878555	0.4561931521318079	0.6453221974020729
1.0	0	0.2	4	1	1000	0.5	0.47333333333333333	0.45781695428754254	0.4624696055578409	0.455481471743981	0.6420326890342335
1.0	0	0.01	8	1	600	1.0	0.4737179487179487	0.46294054958915637	0.4602337858220212	0.4554090721043263	0.6467877966323907
0.5	0	0.2	8	1	1000	1.0	0.47339743589743594	0.4567561808389981	0.4629026120937886	0.45506572547932994	0.6477761511082455
0.5	0	0.01	4	1	600	0.5	0.48121794871794865	0.46900574712325954	0.4634552538964304	0.45495881557478324	0.6626844595969639
1.0	0	0.01	8	3	200	0.5	0.48897435897435904	0.45983048942801263	0.4679553453082865	0.45475482382798305	0.6754720257818265
1.0	0	0.2	4	3	200	0.5	0.4657692307692308	0.4628674663543085	0.457935520361991	0.45470858371703676	0.6459388423469562
0.5	0	0.01	4	1	200	1.0	0.48628205128205126	0.4617096820485568	0.4652564102564103	0.45435128392587193	0.6627086571751871
0.5	0	0.01	6	1	600	1.0	0.47378205128205125	0.46283190823051507	0.45910456373691666	0.4542255345193859	0.6510139892791205
1.0	0	0.2	4	3	1000	1.0	0.46589743589743593	0.45890682574506103	0.4591018213812331	0.4542027698772272	0.646021350901572
0.5	0	0.2	6	3	600	1.0	0.4683333333333334	0.45782935967802707	0.462232163261575	0.4539833363245789	0.6428875474619062
0.5	0	0.01	4	3	200	1.0	0.48641025641025637	0.46368243005704307	0.463468165821107	0.4533751385722792	0.6651113316348044
0.5	0	0.2	6	3	1000	1.0	0.4684615384615385	0.4538145579051152	0.4612762809086338	0.4532294595938232	0.6441754939640487
1.0	0	0.01	8	1	1000	1.0	0.468525641025641	0.4583056947066235	0.45640334338863753	0.4531163717615797	0.6454031009565714
0.5	0	0.01	6	1	200	0.5	0.48647435897435887	0.45998462688680075	0.4674020750491339	0.4528364533652052	0.6749038779066243
1.0	0	0.01	4	3	200	0.5	0.49410256410256415	0.4562129987801343	0.47224016179898537	0.4525759329630981	0.6743170151845123
1.0	0	0.01	4	3	600	1.0	0.47378205128205125	0.4564049950737258	0.461145162027515	0.45248338831106566	0.6535823662770135
0.5	0	0.2	8	1	600	1.0	0.4707692307692308	0.4539436257470313	0.4609418277800631	0.45247736589043397	0.6458658259039602
1.0	0	0.2	8	3	600	1.0	0.47108974358974354	0.4543690690401217	0.46026372320489967	0.45223001377120003	0.6506175061030675
1.0	0	0.2	4	1	1000	1.0	0.4683974358974359	0.45436306942111904	0.45925705013940304	0.4518585535570104	0.6458334163403452
0.5	0	0.2	4	1	1000	0.5	0.4657692307692308	0.45489633460221696	0.45798453996983407	0.45155299579733355	0.6419474802217141
0.5	0	0.01	8	1	1000	0.5	0.47089743589743593	0.4577566986390516	0.45854980803510215	0.45129272890673083	0.6514271955387201
0.5	0	0.01	6	3	1000	1.0	0.47621794871794876	0.4558343946501842	0.462120298002651	0.4512298219136944	0.6514124172441291
1.0	0	0.01	8	1	1000	0.5	0.47089743589743593	0.4542462874815817	0.4605672676996207	0.4511108170396114	0.64977138958337
1.0	0	0.2	6	1	200	1.0	0.47096153846153843	0.4551654800880807	0.45802339000868414	0.4510970913072002	0.654181364222015
0.5	0	0.2	8	1	1000	0.5	0.46564102564102566	0.4556873963956007	0.4562032656885598	0.45016721943347326	0.6428541045241444
0.5	0	0.2	6	1	1000	1.0	0.46320512820512827	0.4518457313813352	0.4555402440696558	0.4493793005563843	0.643626282726758
1.0	0	0.2	4	1	600	1.0	0.4657051282051282	0.44953755452207467	0.4573784793637735	0.4491341560988175	0.6420415656160103
0.5	0	0.2	4	1	1000	1.0	0.4657692307692308	0.4522100733517142	0.4561041980894922	0.44912040481308474	0.6422480594642779
0.5	0	0.01	8	3	600	1.0	0.4735256410256411	0.4521558389437647	0.4588392408245349	0.4489432123283998	0.6541755761897351
0.5	0	0.01	8	3	200	0.5	0.4839743589743589	0.45204802822449874	0.4655244755244755	0.44745948048708806	0.676303678487676
1.0	0	0.01	8	1	600	0.5	0.47102564102564104	0.45761858998701105	0.45651697975227384	0.4467110593860156	0.6537646147874894
1.0	0	0.01	4	1	200	0.5	0.48641025641025637	0.4533085048156053	0.46537101787101787	0.4464436789419963	0.6750563685967806
0.5	0	0.01	4	1	600	1.0	0.47115384615384615	0.45141454134101194	0.4549728621052151	0.4459015142743774	0.6485870860272235
1.0	0	0.2	8	3	1000	0.5	0.4607051282051282	0.44901241732124086	0.4497170803053156	0.4458362506883843	0.6410817202902457
1.0	0	0.2	4	1	200	0.5	0.45807692307692305	0.44791229524975656	0.45169620412267475	0.4457388457626843	0.641582324233639
1.0	0	0.2	4	3	600	0.5	0.45814102564102566	0.44796231546231546	0.45168403491932907	0.44541737790295277	0.6441961163571126
0.5	0	0.01	6	1	1000	1.0	0.46352564102564103	0.4503383637632864	0.45054121532062713	0.4453249796318436	0.6415475690572003
0.5	0	0.01	4	3	600	1.0	0.47384615384615386	0.44996451012755356	0.4577370423693954	0.44531872012862506	0.6539009685498988
0.5	0	0.01	4	3	1000	1.0	0.46871794871794875	0.4499902874902875	0.45765208647561595	0.44525739643371176	0.6492892706531654
0.5	0	0.01	4	1	1000	1.0	0.46871794871794875	0.4495192221778909	0.4531907879701998	0.4449034855641286	0.6430658189522884
1.0	0	0.2	8	1	600	0.5	0.4607051282051282	0.4467664122843152	0.4501978495360849	0.44466855087658913	0.6462635299315997
0.5	0	0.01	6	3	200	0.5	0.48641025641025637	0.44970136451594256	0.4625431921020156	0.4440128338421644	0.6773701459989019
1.0	0	0.2	8	1	200	0.5	0.4555769230769231	0.4486261216137377	0.4477325289089995	0.4439995975462798	0.6392135897721077
0.5	0	0.2	4	1	200	1.0	0.46339743589743587	0.4473392787733547	0.4524874308697838	0.4433890455414736	0.6317446407334891
0.5	0	0.2	6	1	1000	0.5	0.4555769230769231	0.44515444623029765	0.44397310206133733	0.44084501511090135	0.6333196416885926
1.0	0	0.2	8	1	1000	0.5	0.4556410256410257	0.44329401091397996	0.4453293112116642	0.44064434386370965	0.647496639168047
1.0	0	0.2	8	3	600	0.5	0.45294871794871794	0.44593044210691274	0.44410359248594544	0.4403127801798473	0.6422963396127173
0.5	0	0.01	4	1	200	0.5	0.48128205128205126	0.44712498949055013	0.45955128205128204	0.43949958208926443	0.6759726000956735
0.5	0	0.2	4	1	600	1.0	0.4555128205128205	0.4439960594101461	0.44646567484802774	0.4394481108728166	0.6416624926988175
1.0	0	0.01	4	1	1000	1.0	0.4634615384615384	0.44537999911451925	0.44629764843000136	0.439248628641937	0.6502322049355244
0.5	0	0.01	4	3	200	0.5	0.4838461538461539	0.44518884791367636	0.45864539055715525	0.43880996303625147	0.6788078821196198
0.5	0	0.01	8	1	1000	1.0	0.45583333333333337	0.4460169992832531	0.4436878970702501	0.4386216947992339	0.6421153696078772
0.5	0	0.2	8	1	600	0.5	0.455448717948718	0.4434068799464546	0.44488916312445725	0.43794014221251854	0.636854424564558
0.5	0	0.2	6	1	200	0.5	0.45288461538461544	0.44156710392004506	0.44311777275012576	0.4378929159714041	0.6326168492786778
0.5	0	0.01	8	1	600	1.0	0.4583974358974359	0.4402079605407779	0.44512454865396045	0.4376225425716302	0.6478314895242678
0.5	0	0.2	6	1	200	1.0	0.45288461538461544	0.4404036804269002	0.4425936400201106	0.4372999729798229	0.6403080674089429
0.5	0	0.2	6	1	600	0.5	0.45301282051282055	0.43992307836617295	0.4414089994972348	0.4367236691092081	0.6330784922482041
0.5	0	0.2	8	1	200	0.5	0.4528205128205127	0.44214188589188586	0.4405195050047991	0.4348464330504906	0.6422254781451144
1.0	0	0.2	4	1	200	1.0	0.450448717948718	0.44692075038824264	0.43880153343388645	0.43317618739540487	0.6274572064830537
0.5	0	0.2	8	1	200	1.0	0.44782051282051283	0.43495037370037365	0.439538084464555	0.4329863988265159	0.6469066679403828
1.0	1000	0.2	8	1	1000	0.5	0.42198717948717956	0.14066239316239315	0.33333333333333337	0.19780511885775043	0.5
1.0	1000	0.01	6	3	200	1.0	0.42198717948717956	0.14066239316239315	0.33333333333333337	0.19780511885775043	0.5
1.0	1000	0.01	6	1	200	1.0	0.42198717948717956	0.14066239316239315	0.33333333333333337	0.19780511885775043	0.5
1.0	1000	0.01	6	1	600	0.5	0.42198717948717956	0.14066239316239315	0.33333333333333337	0.19780511885775043	0.5
1.0	1000	0.01	6	1	600	1.0	0.42198717948717956	0.14066239316239315	0.33333333333333337	0.19780511885775043	0.5
1.0	1000	0.01	6	1	1000	0.5	0.42198717948717956	0.14066239316239315	0.33333333333333337	0.19780511885775043	0.5
1.0	1000	0.01	6	1	1000	1.0	0.42198717948717956	0.14066239316239315	0.33333333333333337	0.19780511885775043	0.5
1.0	1000	0.01	6	3	200	0.5	0.42198717948717956	0.14066239316239315	0.33333333333333337	0.19780511885775043	0.5
1.0	1000	0.01	6	3	600	1.0	0.42198717948717956	0.14066239316239315	0.33333333333333337	0.19780511885775043	0.5
1.0	1000	0.01	6	3	600	0.5	0.42198717948717956	0.14066239316239315	0.33333333333333337	0.19780511885775043	0.5
1.0	1000	0.01	4	3	1000	1.0	0.42198717948717956	0.14066239316239315	0.33333333333333337	0.19780511885775043	0.5
1.0	1000	0.01	6	3	1000	0.5	0.42198717948717956	0.14066239316239315	0.33333333333333337	0.19780511885775043	0.5
1.0	1000	0.01	6	3	1000	1.0	0.42198717948717956	0.14066239316239315	0.33333333333333337	0.19780511885775043	0.5
1.0	1000	0.01	8	1	200	0.5	0.42198717948717956	0.14066239316239315	0.33333333333333337	0.19780511885775043	0.5
1.0	1000	0.01	8	1	200	1.0	0.42198717948717956	0.14066239316239315	0.33333333333333337	0.19780511885775043	0.5
1.0	1000	0.01	6	1	200	0.5	0.42198717948717956	0.14066239316239315	0.33333333333333337	0.19780511885775043	0.5
1.0	1000	0.01	4	3	600	1.0	0.42198717948717956	0.14066239316239315	0.33333333333333337	0.19780511885775043	0.5
1.0	1000	0.01	4	3	1000	0.5	0.42198717948717956	0.14066239316239315	0.33333333333333337	0.19780511885775043	0.5
1.0	1000	0.01	8	1	600	1.0	0.42198717948717956	0.14066239316239315	0.33333333333333337	0.19780511885775043	0.5
1.0	1000	0.01	4	3	600	0.5	0.42198717948717956	0.14066239316239315	0.33333333333333337	0.19780511885775043	0.5
1.0	1000	0.01	4	3	200	1.0	0.42198717948717956	0.14066239316239315	0.33333333333333337	0.19780511885775043	0.5
1.0	1000	0.01	4	3	200	0.5	0.42198717948717956	0.14066239316239315	0.33333333333333337	0.19780511885775043	0.5
1.0	1000	0.01	4	1	1000	1.0	0.42198717948717956	0.14066239316239315	0.33333333333333337	0.19780511885775043	0.5
1.0	1000	0.01	4	1	1000	0.5	0.42198717948717956	0.14066239316239315	0.33333333333333337	0.19780511885775043	0.5
1.0	1000	0.01	4	1	600	1.0	0.42198717948717956	0.14066239316239315	0.33333333333333337	0.19780511885775043	0.5
1.0	1000	0.01	4	1	600	0.5	0.42198717948717956	0.14066239316239315	0.33333333333333337	0.19780511885775043	0.5
1.0	1000	0.01	4	1	200	1.0	0.42198717948717956	0.14066239316239315	0.33333333333333337	0.19780511885775043	0.5
1.0	1000	0.2	8	3	200	1.0	0.42198717948717956	0.14066239316239315	0.33333333333333337	0.19780511885775043	0.5
1.0	1000	0.01	4	1	200	0.5	0.42198717948717956	0.14066239316239315	0.33333333333333337	0.19780511885775043	0.5
1.0	1000	0.2	8	3	600	0.5	0.42198717948717956	0.14066239316239315	0.33333333333333337	0.19780511885775043	0.5
1.0	1000	0.2	8	3	600	1.0	0.42198717948717956	0.14066239316239315	0.33333333333333337	0.19780511885775043	0.5
1.0	1000	0.2	8	3	1000	0.5	0.42198717948717956	0.14066239316239315	0.33333333333333337	0.19780511885775043	0.5
1.0	1000	0.01	8	1	600	0.5	0.42198717948717956	0.14066239316239315	0.33333333333333337	0.19780511885775043	0.5
1.0	1000	0.01	8	1	1000	0.5	0.42198717948717956	0.14066239316239315	0.33333333333333337	0.19780511885775043	0.5
1.0	1000	0.2	8	1	600	1.0	0.42198717948717956	0.14066239316239315	0.33333333333333337	0.19780511885775043	0.5
1.0	1000	0.2	4	3	1000	1.0	0.42198717948717956	0.14066239316239315	0.33333333333333337	0.19780511885775043	0.5
1.0	1000	0.2	6	1	200	1.0	0.42198717948717956	0.14066239316239315	0.33333333333333337	0.19780511885775043	0.5
1.0	1000	0.2	6	1	600	0.5	0.42198717948717956	0.14066239316239315	0.33333333333333337	0.19780511885775043	0.5
1.0	1000	0.2	6	1	600	1.0	0.42198717948717956	0.14066239316239315	0.33333333333333337	0.19780511885775043	0.5
1.0	1000	0.2	6	1	1000	0.5	0.42198717948717956	0.14066239316239315	0.33333333333333337	0.19780511885775043	0.5
1.0	1000	0.2	6	1	1000	1.0	0.42198717948717956	0.14066239316239315	0.33333333333333337	0.19780511885775043	0.5
1.0	1000	0.2	6	3	200	0.5	0.42198717948717956	0.14066239316239315	0.33333333333333337	0.19780511885775043	0.5
1.0	1000	0.2	6	3	200	1.0	0.42198717948717956	0.14066239316239315	0.33333333333333337	0.19780511885775043	0.5
1.0	1000	0.2	8	1	1000	1.0	0.42198717948717956	0.14066239316239315	0.33333333333333337	0.19780511885775043	0.5
1.0	1000	0.2	6	3	600	0.5	0.42198717948717956	0.14066239316239315	0.33333333333333337	0.19780511885775043	0.5
1.0	1000	0.2	6	3	600	1.0	0.42198717948717956	0.14066239316239315	0.33333333333333337	0.19780511885775043	0.5
1.0	1000	0.2	6	3	1000	0.5	0.42198717948717956	0.14066239316239315	0.33333333333333337	0.19780511885775043	0.5
1.0	1000	0.2	6	3	1000	1.0	0.42198717948717956	0.14066239316239315	0.33333333333333337	0.19780511885775043	0.5
1.0	1000	0.2	8	1	200	0.5	0.42198717948717956	0.14066239316239315	0.33333333333333337	0.19780511885775043	0.5
1.0	1000	0.2	8	1	200	1.0	0.42198717948717956	0.14066239316239315	0.33333333333333337	0.19780511885775043	0.5
1.0	1000	0.2	8	1	600	0.5	0.42198717948717956	0.14066239316239315	0.33333333333333337	0.19780511885775043	0.5
1.0	1000	0.2	6	1	200	0.5	0.42198717948717956	0.14066239316239315	0.33333333333333337	0.19780511885775043	0.5
1.0	1000	0.2	4	3	1000	0.5	0.42198717948717956	0.14066239316239315	0.33333333333333337	0.19780511885775043	0.5
1.0	1000	0.01	8	1	1000	1.0	0.42198717948717956	0.14066239316239315	0.33333333333333337	0.19780511885775043	0.5
1.0	1000	0.2	4	3	600	1.0	0.42198717948717956	0.14066239316239315	0.33333333333333337	0.19780511885775043	0.5
1.0	1000	0.01	8	3	200	0.5	0.42198717948717956	0.14066239316239315	0.33333333333333337	0.19780511885775043	0.5
1.0	1000	0.01	8	3	200	1.0	0.42198717948717956	0.14066239316239315	0.33333333333333337	0.19780511885775043	0.5
1.0	1000	0.2	8	3	200	0.5	0.42198717948717956	0.14066239316239315	0.33333333333333337	0.19780511885775043	0.5
1.0	1000	0.01	8	3	600	1.0	0.42198717948717956	0.14066239316239315	0.33333333333333337	0.19780511885775043	0.5
1.0	1000	0.01	8	3	1000	0.5	0.42198717948717956	0.14066239316239315	0.33333333333333337	0.19780511885775043	0.5
1.0	1000	0.01	8	3	1000	1.0	0.42198717948717956	0.14066239316239315	0.33333333333333337	0.19780511885775043	0.5
1.0	1000	0.2	4	1	200	0.5	0.42198717948717956	0.14066239316239315	0.33333333333333337	0.19780511885775043	0.5
1.0	1000	0.2	4	1	200	1.0	0.42198717948717956	0.14066239316239315	0.33333333333333337	0.19780511885775043	0.5
1.0	1000	0.2	4	1	600	0.5	0.42198717948717956	0.14066239316239315	0.33333333333333337	0.19780511885775043	0.5
1.0	1000	0.2	4	1	600	1.0	0.42198717948717956	0.14066239316239315	0.33333333333333337	0.19780511885775043	0.5
1.0	1000	0.2	4	1	1000	0.5	0.42198717948717956	0.14066239316239315	0.33333333333333337	0.19780511885775043	0.5
1.0	1000	0.2	4	1	1000	1.0	0.42198717948717956	0.14066239316239315	0.33333333333333337	0.19780511885775043	0.5
1.0	1000	0.2	4	3	200	0.5	0.42198717948717956	0.14066239316239315	0.33333333333333337	0.19780511885775043	0.5
1.0	1000	0.2	4	3	200	1.0	0.42198717948717956	0.14066239316239315	0.33333333333333337	0.19780511885775043	0.5
1.0	1000	0.2	4	3	600	0.5	0.42198717948717956	0.14066239316239315	0.33333333333333337	0.19780511885775043	0.5
1.0	1000	0.01	8	3	600	0.5	0.42198717948717956	0.14066239316239315	0.33333333333333337	0.19780511885775043	0.5
0.5	1000	0.2	8	1	200	0.5	0.42198717948717956	0.14066239316239315	0.33333333333333337	0.19780511885775043	0.5
0.5	1000	0.2	8	1	200	1.0	0.42198717948717956	0.14066239316239315	0.33333333333333337	0.19780511885775043	0.5
0.5	1000	0.01	4	1	200	0.5	0.42198717948717956	0.14066239316239315	0.33333333333333337	0.19780511885775043	0.5
0.5	1000	0.2	6	1	600	1.0	0.42198717948717956	0.14066239316239315	0.33333333333333337	0.19780511885775043	0.5
0.5	1000	0.2	6	1	600	0.5	0.42198717948717956	0.14066239316239315	0.33333333333333337	0.19780511885775043	0.5
0.5	1000	0.2	6	1	200	1.0	0.42198717948717956	0.14066239316239315	0.33333333333333337	0.19780511885775043	0.5
0.5	1000	0.2	6	1	200	0.5	0.42198717948717956	0.14066239316239315	0.33333333333333337	0.19780511885775043	0.5
0.5	1000	0.2	4	3	1000	1.0	0.42198717948717956	0.14066239316239315	0.33333333333333337	0.19780511885775043	0.5
0.5	1000	0.2	4	3	1000	0.5	0.42198717948717956	0.14066239316239315	0.33333333333333337	0.19780511885775043	0.5
0.5	1000	0.2	4	3	600	1.0	0.42198717948717956	0.14066239316239315	0.33333333333333337	0.19780511885775043	0.5
0.5	1000	0.2	4	3	600	0.5	0.42198717948717956	0.14066239316239315	0.33333333333333337	0.19780511885775043	0.5
0.5	1000	0.2	4	3	200	1.0	0.42198717948717956	0.14066239316239315	0.33333333333333337	0.19780511885775043	0.5
0.5	1000	0.2	4	3	200	0.5	0.42198717948717956	0.14066239316239315	0.33333333333333337	0.19780511885775043	0.5
0.5	1000	0.2	4	1	1000	1.0	0.42198717948717956	0.14066239316239315	0.33333333333333337	0.19780511885775043	0.5
0.5	1000	0.2	4	1	1000	0.5	0.42198717948717956	0.14066239316239315	0.33333333333333337	0.19780511885775043	0.5
0.5	1000	0.2	4	1	600	1.0	0.42198717948717956	0.14066239316239315	0.33333333333333337	0.19780511885775043	0.5
0.5	1000	0.2	4	1	600	0.5	0.42198717948717956	0.14066239316239315	0.33333333333333337	0.19780511885775043	0.5
0.5	1000	0.2	4	1	200	1.0	0.42198717948717956	0.14066239316239315	0.33333333333333337	0.19780511885775043	0.5
0.5	1000	0.2	6	1	1000	0.5	0.42198717948717956	0.14066239316239315	0.33333333333333337	0.19780511885775043	0.5
0.5	1000	0.2	6	1	1000	1.0	0.42198717948717956	0.14066239316239315	0.33333333333333337	0.19780511885775043	0.5
0.5	1000	0.2	6	3	200	0.5	0.42198717948717956	0.14066239316239315	0.33333333333333337	0.19780511885775043	0.5
0.5	1000	0.2	8	3	600	0.5	0.42198717948717956	0.14066239316239315	0.33333333333333337	0.19780511885775043	0.5
0.5	1000	0.2	8	1	600	0.5	0.42198717948717956	0.14066239316239315	0.33333333333333337	0.19780511885775043	0.5
0.5	1000	0.2	8	1	600	1.0	0.42198717948717956	0.14066239316239315	0.33333333333333337	0.19780511885775043	0.5
0.5	1000	0.2	8	1	1000	0.5	0.42198717948717956	0.14066239316239315	0.33333333333333337	0.19780511885775043	0.5
0.5	1000	0.2	8	1	1000	1.0	0.42198717948717956	0.14066239316239315	0.33333333333333337	0.19780511885775043	0.5
0.5	1000	0.2	8	3	200	0.5	0.42198717948717956	0.14066239316239315	0.33333333333333337	0.19780511885775043	0.5
0.5	1000	0.2	8	3	200	1.0	0.42198717948717956	0.14066239316239315	0.33333333333333337	0.19780511885775043	0.5
0.5	1000	0.2	8	3	600	1.0	0.42198717948717956	0.14066239316239315	0.33333333333333337	0.19780511885775043	0.5
0.5	1000	0.2	6	3	200	1.0	0.42198717948717956	0.14066239316239315	0.33333333333333337	0.19780511885775043	0.5
0.5	1000	0.2	8	3	1000	0.5	0.42198717948717956	0.14066239316239315	0.33333333333333337	0.19780511885775043	0.5
0.5	1000	0.2	8	3	1000	1.0	0.42198717948717956	0.14066239316239315	0.33333333333333337	0.19780511885775043	0.5
0.5	1000	0.2	6	3	1000	1.0	0.42198717948717956	0.14066239316239315	0.33333333333333337	0.19780511885775043	0.5
0.5	1000	0.2	6	3	1000	0.5	0.42198717948717956	0.14066239316239315	0.33333333333333337	0.19780511885775043	0.5
0.5	1000	0.2	6	3	600	1.0	0.42198717948717956	0.14066239316239315	0.33333333333333337	0.19780511885775043	0.5
0.5	1000	0.2	6	3	600	0.5	0.42198717948717956	0.14066239316239315	0.33333333333333337	0.19780511885775043	0.5
0.5	1000	0.2	4	1	200	0.5	0.42198717948717956	0.14066239316239315	0.33333333333333337	0.19780511885775043	0.5
0.5	1000	0.01	8	3	1000	1.0	0.42198717948717956	0.14066239316239315	0.33333333333333337	0.19780511885775043	0.5
0.5	1000	0.01	8	3	1000	0.5	0.42198717948717956	0.14066239316239315	0.33333333333333337	0.19780511885775043	0.5
0.5	1000	0.01	4	3	600	0.5	0.42198717948717956	0.14066239316239315	0.33333333333333337	0.19780511885775043	0.5
0.5	1000	0.01	6	1	600	0.5	0.42198717948717956	0.14066239316239315	0.33333333333333337	0.19780511885775043	0.5
0.5	1000	0.01	6	1	200	1.0	0.42198717948717956	0.14066239316239315	0.33333333333333337	0.19780511885775043	0.5
0.5	1000	0.01	6	1	200	0.5	0.42198717948717956	0.14066239316239315	0.33333333333333337	0.19780511885775043	0.5
0.5	1000	0.01	4	3	1000	1.0	0.42198717948717956	0.14066239316239315	0.33333333333333337	0.19780511885775043	0.5
0.5	1000	0.01	4	3	1000	0.5	0.42198717948717956	0.14066239316239315	0.33333333333333337	0.19780511885775043	0.5
0.5	1000	0.01	4	3	600	1.0	0.42198717948717956	0.14066239316239315	0.33333333333333337	0.19780511885775043	0.5
0.5	1000	0.01	4	3	200	1.0	0.42198717948717956	0.14066239316239315	0.33333333333333337	0.19780511885775043	0.5
0.5	1000	0.01	6	1	1000	0.5	0.42198717948717956	0.14066239316239315	0.33333333333333337	0.19780511885775043	0.5
0.5	1000	0.01	4	3	200	0.5	0.42198717948717956	0.14066239316239315	0.33333333333333337	0.19780511885775043	0.5
0.5	1000	0.01	4	1	1000	1.0	0.42198717948717956	0.14066239316239315	0.33333333333333337	0.19780511885775043	0.5
0.5	1000	0.01	4	1	1000	0.5	0.42198717948717956	0.14066239316239315	0.33333333333333337	0.19780511885775043	0.5
0.5	1000	0.01	4	1	600	1.0	0.42198717948717956	0.14066239316239315	0.33333333333333337	0.19780511885775043	0.5
0.5	1000	0.01	4	1	600	0.5	0.42198717948717956	0.14066239316239315	0.33333333333333337	0.19780511885775043	0.5
0.5	1000	0.01	4	1	200	1.0	0.42198717948717956	0.14066239316239315	0.33333333333333337	0.19780511885775043	0.5
0.5	1000	0.01	6	1	600	1.0	0.42198717948717956	0.14066239316239315	0.33333333333333337	0.19780511885775043	0.5
0.5	1000	0.01	6	1	1000	1.0	0.42198717948717956	0.14066239316239315	0.33333333333333337	0.19780511885775043	0.5
0.5	1000	0.01	8	3	600	1.0	0.42198717948717956	0.14066239316239315	0.33333333333333337	0.19780511885775043	0.5
0.5	1000	0.01	8	1	600	0.5	0.42198717948717956	0.14066239316239315	0.33333333333333337	0.19780511885775043	0.5
0.5	1000	0.01	8	3	600	0.5	0.42198717948717956	0.14066239316239315	0.33333333333333337	0.19780511885775043	0.5
0.5	1000	0.01	8	3	200	1.0	0.42198717948717956	0.14066239316239315	0.33333333333333337	0.19780511885775043	0.5
0.5	1000	0.01	8	3	200	0.5	0.42198717948717956	0.14066239316239315	0.33333333333333337	0.19780511885775043	0.5
0.5	1000	0.01	8	1	1000	1.0	0.42198717948717956	0.14066239316239315	0.33333333333333337	0.19780511885775043	0.5
0.5	1000	0.01	8	1	1000	0.5	0.42198717948717956	0.14066239316239315	0.33333333333333337	0.19780511885775043	0.5
0.5	1000	0.01	8	1	600	1.0	0.42198717948717956	0.14066239316239315	0.33333333333333337	0.19780511885775043	0.5
0.5	1000	0.01	8	1	200	1.0	0.42198717948717956	0.14066239316239315	0.33333333333333337	0.19780511885775043	0.5
0.5	1000	0.01	6	3	200	0.5	0.42198717948717956	0.14066239316239315	0.33333333333333337	0.19780511885775043	0.5
0.5	1000	0.01	8	1	200	0.5	0.42198717948717956	0.14066239316239315	0.33333333333333337	0.19780511885775043	0.5
0.5	1000	0.01	6	3	1000	1.0	0.42198717948717956	0.14066239316239315	0.33333333333333337	0.19780511885775043	0.5
0.5	1000	0.01	6	3	1000	0.5	0.42198717948717956	0.14066239316239315	0.33333333333333337	0.19780511885775043	0.5
0.5	1000	0.01	6	3	600	1.0	0.42198717948717956	0.14066239316239315	0.33333333333333337	0.19780511885775043	0.5
0.5	1000	0.01	6	3	600	0.5	0.42198717948717956	0.14066239316239315	0.33333333333333337	0.19780511885775043	0.5
0.5	1000	0.01	6	3	200	1.0	0.42198717948717956	0.14066239316239315	0.33333333333333337	0.19780511885775043	0.5
1.0	1000	0.2	8	3	1000	1.0	0.42198717948717956	0.14066239316239315	0.33333333333333337	0.19780511885775043	0.5
